mode_category,description,mode_name_examples
Assist Control-Volume Control,Assist Control Volume Control ventilation mode,"AC-VC, Volume Assist Control"
Pressure Control,Pressure Control ventilation mode,"PC, Pressure Control Ventilation"
Pressure-Regulated Volume Control,Pressure-Regulated Volume Control ventilation mode,"PRVC, AutoFlow"
SIMV,Synchronized Intermittent Mandatory Ventilation,"SIMV-VC, SIMV-PC"
Pressure Support/CPAP,Pressure Support or Continuous Positive Airway Pressure,"PS, CPAP Mode"
Volume Support,Volume Support ventilation mode,"VS, Volume Support Mode"
Blow by,Blow by oxygen delivery,"Blow-by O2, Blow by Oxygen"
Other,Other ventilation mode not specified above,"APRV, PAV+"

